dialect,corpus_bleu,corpus_comet
Egyptian,23.643540225079384,0.7665170864884261
Iraqi,10.390302174233558,0.7787582827852918
Levantine,13.485111859503691,0.7627833464615782
Magharebi,7.267884212102741,0.6750174008375006
Gulf,7.129384882260374,0.7373705264753042
all,25.40663740773074,0.740223406103708
