dialect,corpus_bleu,corpus_comet
Egyptian,18.99589214128981,0.8294314364339136
Iraqi,53.7284965911771,0.8191669660729247
Levantine,24.274588585366175,0.8196055921135654
Magharebi,9.287528999566801,0.7585662367045011
Gulf,7.809849842300637,0.807272533711313
all,31.947155212313625,0.8063046756847683
