dialect,corpus_bleu,corpus_comet
Egyptian,15.97357760615681,0.7957742897568235
Iraqi,12.137294292683093,0.7878437634412344
Levantine,14.058533129758727,0.789693655524875
Magharebi,18.99589214128981,0.7056170384842175
Gulf,13.04237150061073,0.7656329900738322
all,15.97357760615681,0.7678870071451795
