,corpus_bleu,corpus_comet,dialect
0,0.0,0.8059424379259158,Egyptian
1,41.11336169005198,0.7933981848227514,Iraqi
2,20.412414523193146,0.8008165794988753,Levantine
3,8.643019616048525,0.7135274785600668,Magharebi
4,11.99014838091355,0.7725836743470345,Gulf
