dialect,corpus_bleu,corpus_comet
Egyptian,9.820366272512825,0.8059424379259158
Iraqi,80.91067115702207,0.7933981848227514
Levantine,21.36435031981171,0.8008165794988753
Magharebi,7.809849842300637,0.7135274785600668
Gulf,11.99014838091355,0.7725836743470345
all,16.515821590069034,0.7767454243691291
