dialect,corpus_bleu,corpus_comet
Egyptian,0.0,0.8059424379259158
Iraqi,41.11336169005198,0.7933981848227514
Levantine,20.412414523193146,0.8008165794988753
Magharebi,8.643019616048525,0.7135274785600668
Gulf,11.99014838091355,0.7725836743470345
