dialect,corpus_bleu,corpus_comet
Egyptian,31.947155212313625,0.8502150709763854
Iraqi,42.72870063962342,0.81754651983579
Levantine,11.478744233307168,0.8306688288656565
Magharebi,9.287528999566801,0.7914572898425213
Gulf,10.682175159905848,0.8151150123241845
