dialect,corpus_bleu,corpus_comet
Egyptian,31.947155212313625,0.7933401149359478
Iraqi,42.72870063962342,0.802522599697113
Levantine,11.478744233307168,0.7830876743971882
Magharebi,9.287528999566801,0.7162667667118523
Gulf,10.682175159905848,0.7762697328377909
all,31.947155212313625,0.771329660884152
