,corpus_bleu,corpus_comet,dialect
0,15.619699684601283,0.27412680656679217,Egyptian
1,21.3643503198117,0.239125594496727,Iraqi
2,9.652434877402245,0.26762516765544814,Levantine
3,3.069137669265717,0.26512362792783856,Magharebi
4,8.450310992782928,0.2599117494210964,Gulf
