dialect,corpus_bleu,corpus_comet
Egyptian,0.0,0.8502150709763854
Iraqi,41.11336169005198,0.81754651983579
Levantine,20.412414523193146,0.8306688288656565
Magharebi,8.643019616048525,0.7914572898425213
Gulf,11.99014838091355,0.8151150123241845
