dialect,corpus_bleu,corpus_comet
Egyptian,31.947155212313625,0.8535231196111248
Iraqi,42.72870063962342,0.827349316132696
Levantine,25.40663740773074,0.837238550609636
Magharebi,15.619699684601283,0.7887664232627455
Gulf,19.130147081392227,0.8296341402101681
