dialect,corpus_bleu,corpus_comet
Egyptian,31.947155212313625,0.8515906825517918
Iraqi,42.72870063962342,0.8203263348573214
Levantine,25.40663740773074,0.8342245110300741
Magharebi,15.619699684601283,0.7805485389352906
Gulf,19.130147081392227,0.8245325135785965
all,31.947155212313625,0.8238677781953883
