dialect,corpus_bleu,corpus_comet
Egyptian,0.0,0.8535231196111248
Iraqi,41.11336169005198,0.827349316132696
Levantine,20.412414523193146,0.837238550609636
Magharebi,8.643019616048525,0.7887664232627455
Gulf,11.99014838091355,0.8296341402101681
