,corpus_bleu,corpus_comet,dialect
0,0.0,0.8515906825517918,Egyptian
1,41.11336169005198,0.8203263348573214,Iraqi
2,20.412414523193146,0.8342245110300741,Levantine
3,8.643019616048525,0.7805485389352906,Magharebi
4,11.99014838091355,0.8245325135785965,Gulf
