dialect,corpus_bleu,corpus_comet
Egyptian,0.0,0.7998552418248669
Iraqi,64.34588841607616,0.7901442577312519
Levantine,24.274588585366175,0.7927656496389651
Magharebi,14.535768424205482,0.7023304408910324
Gulf,12.549310621989482,0.7648481128565687
all,0.0,0.7687430498584852
