dialect,corpus_bleu,corpus_comet
Egyptian,14.058533129758727,0.832228805039339
Iraqi,80.91067115702207,0.829003495829446
Levantine,25.40663740773074,0.8231642998650041
Magharebi,8.643019616048525,0.7525806930079056
Gulf,7.4618647400245575,0.8071937716149633
all,25.40663740773074,0.8071298538943974
