dialect,corpus_bleu,corpus_comet
Egyptian,23.643540225079384,0.7603028829500174
Iraqi,20.164945583740657,0.7600222392515703
Levantine,14.535768424205482,0.7548479888535721
Magharebi,9.287528999566801,0.6832751501405899
Gulf,21.93456688254155,0.7401332773853081
all,25.40663740773074,0.7383961612200838
